<?xml version="1.0" encoding="UTF-8"?>  
<beans  
    xmlns="http://www.springframework.org/schema/beans"  
    xmlns:xsi="http://www.w3.org/2001/XMLSchema-instance"  
    xmlns:p="http://www.springframework.org/schema/p"  
    xsi:schemaLocation="http://www.springframework.org/schema/beans  
               http://www.springframework.org/schema/beans/spring-beans-3.0.xsd">  
 
 <bean id="customer" class="com.edubridge.Customer"  >
 <property name ="custId" value="12" />
  <property name ="customerName" value="regina" /> 
  </bean>
  
  <bean id="customer1" class="com.edubridge.Customer" >
 <property name ="custId" value="13" />
  <property name ="customerName" value="daniel" /> 
  </bean>
    

  
</beans>