<?xml version="1.0" encoding="UTF-8"?>  
<beans  
    xmlns="http://www.springframework.org/schema/beans"  
    xmlns:xsi="http://www.w3.org/2001/XMLSchema-instance"  
    xmlns:p="http://www.springframework.org/schema/p"  
    xsi:schemaLocation="http://www.springframework.org/schema/beans  
               http://www.springframework.org/schema/beans/spring-beans-3.0.xsd">  
 
 <bean id="customer" class="com.edubridge.Customer"  >
 <constructor-arg  value="13"  ></constructor-arg>
 <constructor-arg  value="daniel"  ></constructor-arg>
  </bean>
  
  <bean id="customer1" class="com.edubridge.Customer"  >
 <constructor-arg  value="15"  />
 <constructor-arg  value="gilbert"  />
  </bean>
  
  
    

  
</beans>