<?xml version='1.0' encoding='UTF-8'?>  
<!DOCTYPE hibernate-mapping PUBLIC  
 "-//Hibernate/Hibernate Mapping DTD 3.0//EN"  
 "http://hibernate.sourceforge.net/hibernate-mapping-3.0.dtd">  
  
 <hibernate-mapping>  
  <class name="model.Student" table="student_table">  
    <id name="id" type="int" column="student_id">
      
     <generator class="assigned"></generator>  
    </id>  
            
    <property name="name" length="20" column="student_name"></property>  
    <property name="marks" type="float" column="student_marks"></property>  
            
  </class>  
    
            
 </hibernate-mapping>